,car,count
0,,19781
1,E,11594
2,商,9487
3,元,9443
4,80,4899
5,100,4797
6,SUV,3983
7,城市,3672
8,500,3627
9,里程,3432
10,EV,2622
11,99,2411
12,发现,2281
13,总裁,2132
14,ES,1704
15,86,1557
16,汉,1337
17,概念车,1019
18,元素,842
19,360,835
20,X5,818
21,EC,799
22,CT,752
23,CC,710
24,S8,692
25,EX,686
26,旗舰,681
27,L3,676
28,主席,658
29,Model3,587
30,GT,543
31,ES8,519
32,世纪,519
33,唐,500
34,智行,479
35,550,471
36,X3,466
37,IS,453
38,宋,452
39,GS,434
40,A级,433
41,G3,427
42,S6,415
43,LC,404
44,A0,402
45,2008,390
46,S5,385
47,510,371
48,007,369
49,SC,361
50,330,360
51,108,359
52,205,357
53,S3,353
54,帝豪,352
55,R1,351
56,530,349
57,EX5,344
58,秦,341
59,ET,340
60,ModelS,339
61,耀,330
62,S7,325
63,107,322
64,EU,320
65,X7,319
66,无限,312
67,欧拉,310
68,HS,308
69,A6,306
70,RC,297
71,C2,289
72,L5,284
73,310,283
74,H6,277
75,T5,264
76,S2,263
77,V4,263
78,S1,262
79,410,257
80,RX,256
81,B级,255
82,A4,255
83,E1,254
84,610,253
85,T3,253
86,V3,252
87,V7,249
88,S4,247
89,ES6,247
90,A2,247
91,560,244
92,A1,242
93,优胜,241
94,M2,237
95,LS,235
96,C3,235
97,630,233
98,卡罗拉,231
99,5系,229
100,301,229
101,Me,229
102,C级,227
103,Ka,227
104,ModelX,222
105,T1,220
106,275,215
107,3系,215
108,F7,214
109,730,213
110,E3,210
111,A8,209
112,高尔,208
113,高尔夫,205
114,威马EX5,204
115,A3,203
116,e-tron,201
117,M6,201
118,X1,197
119,508,196
120,Q2,195
121,FF,194
122,206,193
123,207,189
124,212,188
125,Apollo,186
126,朗逸,185
127,e2,185
128,轩逸,184
129,911,184
130,Pilot,183
131,瑞虎,181
132,208,181
133,LX,179
134,Coupe,178
135,TT,178
136,帕萨特,176
137,CS75,175
138,M1,174
139,T2,173
140,EV5,167
141,雷凌,167
142,EU5,165
143,博越,162
144,风云,161
145,途观,161
146,XE,161
147,612,161
148,风光,160
149,M8,160
150,逸动,160
151,凯美瑞,156
152,F0,156
153,348,155
154,TL,154
155,tC,151
156,E20,151
157,EQC,150
158,炮,150
159,雅阁,145
160,e3,144
161,UX,144
162,X6,144
163,e5,144
164,帝豪GS,143
165,S9,143
166,Q3,142
167,A7,141
168,458,141
169,捷达,141
170,观致,139
171,8S,139
172,M5,139
173,H5,138
174,F5,138
175,远景,137
176,i3,137
177,X2,136
178,M3,136
179,秦Pro,135
180,408,135
181,GLC,135
182,嘉际,134
183,TX,134
184,Q7,134
185,812,133
186,T7,133
187,E5,133
188,E级,132
189,308,130
190,GX,130
191,思域,129
192,欧拉R1,127
193,X70,127
194,宝来,127
195,夏利,127
196,328,126
197,荣威RX5,126
198,Q4,125
199,速腾,125
200,LM,123
201,博瑞,123
202,306,123
203,X4,123
204,H2,123
205,GLE,122
206,407,122
207,几何A,120
208,迈腾,119
209,福克斯,118
210,IF,118
211,XL,117
212,e1,117
213,718,116
214,缤越,115
215,1系,115
216,领克01,114
217,307,114
218,7系,113
219,S级,113
220,G6,112
221,C60,111
222,Vision,111
223,A6L,111
224,Cross,110
225,哪吒N01,109
226,揽胜,109
227,iM,109
228,xD,108
229,CS55,108
230,P7,108
231,宋MAX,108
232,G5,107
233,EV2,106
234,488,106
235,356,105
236,NX,105
237,E200,105
238,领克02,104
239,iQ,103
240,领克03,103
241,EX3,102
242,C-HR,100
243,风景,98
244,雅特,98
245,途观L,97
246,607,96
247,阳光,94
248,VV7,93
249,CS35,92
250,608,92
251,荣威Ei5,91
252,RCF,91
253,江淮iEV,91
254,807,90
255,帝豪GL,90
256,奇骏,90
257,E10,90
258,知豆,90
259,917,89
260,LITE,89
261,CT6,88
262,Taycan,88
263,ModelY,88
264,V9,87
265,理想ONE,87
266,H1,87
267,欧拉iQ,87
268,奥德赛,86
269,菲斯塔,85
270,H7,84
271,D60,83
272,索纳塔,83
273,Panamera,83
274,Q2L,83
275,air,82
276,Hybrid,82
277,飞驰,82
278,A4L,81
279,腾势,81
280,汉兰达,81
281,E100,81
282,五菱宏光,80
283,VV6,80
284,K1,80
285,968,79
286,C50,79
287,FCV,79
288,GL8,79
289,EVE,79
290,8系,78
291,魁,77
292,天籁,77
293,EV10,76
294,星越,76
295,亚洲龙,76
296,X8,75
297,COUPE,75
298,H9,75
299,传祺GS4,75
300,M4,74
301,零跑S01,74
302,风尚,74
303,逍客,74
304,探岳,74
305,Wind,73
306,领动,72
307,缤瑞,72
308,W1,71
309,G50,71
310,G20,70
311,CS85COUPE,69
312,缤智,69
313,4008,69
314,王子,69
315,EQB,69
316,P8,68
317,豪情,68
318,CS15,67
319,帝豪GSe,67
320,途昂,67
321,天际ME7,66
322,SEV,66
323,599,65
324,Z4,65
325,瑞风,65
326,V80,64
327,C30,64
328,爱驰U5,63
329,瑞虎3,63
330,E70,63
331,奔驰C级,63
332,精灵,63
333,普锐斯,62
334,宋Pro,62
335,R18,62
336,领界,62
337,M50,61
338,F6,60
339,VV5,60
340,LQ,59
341,G4,59
342,英朗,59
343,iNEXT,58
344,荣威i5,58
345,名爵6,57
346,AX7,57
347,E系列,57
348,飞度,57
349,Q5L,57
350,S50,57
351,胜达,57
352,Mira,57
353,奇瑞eQ,57
354,T9,57
355,本田CR-V,57
356,i8,57
357,ID.,56
358,I-PACE,56
359,桑塔纳,56
360,XF,56
361,凌派,55
362,卡罗拉双擎E+,55
363,昂科威,55
364,Polo,55
365,Innova,54
366,Argo,54
367,Q8,54
368,XT4,54
369,Ram,54
370,iX3,54
371,揽胜极光,53
372,C70,53
373,锐界,53
374,R7,52
375,途胜,52
376,CS75PLUS,52
377,5008,51
378,Cayenne,51
379,蒙迪欧,51
380,J50,51
381,GLS,51
382,V级,51
383,GL6,50
384,GTE,50
385,Mirai,50
386,Mustang,50
387,EV30,49
388,红杉,49
389,嘉年华,49
390,雷凌双擎E+,49
391,X90,49
392,H4,49
393,翼虎,49
394,F3,49
395,X40,48
396,EC3,48
397,H3,48
398,F-150,47
399,2系,47
400,途锐,47
401,RS-5,47
402,F7x,47
403,Z2,46
404,沃尔沃XC60,46
405,前途K50,46
406,V22,46
407,瑞虎3x,46
408,奔奔,45
409,Ranger,45
410,L7,45
411,T60,45
412,马自达3,45
413,T-Cross,44
414,Polestar2,44
415,e6,44
416,D51,43
417,迈克,43
418,征途,43
419,T77,43
420,Bolt,42
421,XT6,42
422,甲壳虫,42
423,特锐,42
424,Q2Le-tron,41
425,4系,41
426,RL,41
427,Macan,41
428,途岳,41
429,XJ,41
430,G10,41
431,牧马人,40
432,迈锐宝,40
433,轩逸·纯电,40
434,XT5,40
435,CS35PLUS,40
436,HS5,40
437,探险者,40
438,T70,40
439,传祺GM6,40
440,埃尔法,39
441,CS95,39
442,荣威i6,39
443,Business,39
444,普拉多,38
445,M70,38
446,江淮iEV6E,38
447,柯米克,38
448,S30,38
449,荣威MARVELX,37
450,皇冠,37
451,CT5,37
452,沃尔沃XC40,37
453,迈巴赫,37
454,GLA,36
455,君威,36
456,V21,36
457,昂科拉,36
458,Titan,36
459,i4,36
460,奔奔EV,36
461,F50,36
462,VISION,35
463,领航员,35
464,Urban,35
465,风骏7,35
466,速派,35
467,捷恩斯,35
468,马自达2,35
469,E30,35
470,科沃兹,35
471,DS7,35
472,飞行家,35
473,科赛,35
474,创酷,34
475,RAV4荣放,34
476,EC5,34
477,FF91,34
478,Roadster,34
479,科鲁兹,34
480,VAN,34
481,添越,34
482,竞速,33
483,XTS,33
484,启辰D60,33
485,沃尔沃XC90,33
486,GLB,33
487,森林人,33
488,尚酷,33
489,iA,33
490,朗逸纯电,33
491,Next,33
492,瑞虎5,33
493,Urus,33
494,B61,33
495,XK,32
496,6系,32
497,Levante,32
498,俊风,32
499,Pacifica,32
500,Partner,32
501,π1,31
502,富康,31
503,冠道,31
504,X70S,31
505,Supra,31
506,EQA,31
507,智跑,31
508,指南者,31
509,明锐,31
510,远景X3,31
511,科雷傲,31
512,奕泽IZOA,30
513,ID.3,30
514,π3,30
515,B50,30
516,A60,30
517,科尚,30
518,林肯大陆,30
519,君越,30
520,起亚K3,30
521,传祺GA6,30
522,T-ROC,30
523,威尔法,29
524,B11,29
525,欧陆,29
526,SXC,29
527,金牛座,29
528,欧蓝德,29
529,发现神行,29
530,AX5,29
531,威马EX6,28
532,传祺GE3,28
533,X5M,28
534,航海家,28
535,庆铃汽车,28
536,马自达6,28
537,吉利GE,28
538,柯珞克,28
539,卫士,28
540,CS15EV,28
541,睿骋,28
542,LS5,28
543,雷神,28
544,XFL,28
545,途安,27
546,御风,27
547,EQV,27
548,探界者,27
549,V29,27
550,KONA,27
551,柯迪亚克,27
552,揽胜运动版,27
553,ATS-L,27
554,新境,27
555,INSPIRE,27
556,Ghibli,26
557,HS7,26
558,VV7GT,26
559,科雷嘉,26
560,EP9,26
561,阿特兹,26
562,V27,26
563,Integra,26
564,A9,26
565,都灵,26
566,伊兰特,26
567,E-HS3,26
568,AMGGT,26
569,元新能源,26
570,金刚,25
571,幻影,25
572,劲客,25
573,K06,25
574,CS75PHEV,25
575,荣威RX3,25
576,自由光,25
577,Polestar1,25
578,F8,25
579,传祺GS8,25
580,长行,24
581,迈锐宝XL,24
582,挑战者,24
583,风光580,24
584,L9,24
585,瑞风S4,24
586,瑞风S3,24
587,XEL,24
588,大乘G60,23
589,易至EV3,23
590,中华V7,23
591,指挥官,23
592,QX50,23
593,云100,23
594,昂希诺纯电动,23
595,大捷龙,23
596,福睿斯,23
597,E-PACE,23
598,B30,23
599,6008,23
600,3008,23
601,Self-Driving,23
602,科鲁泽,22
603,福美来,22
604,睿骋CC,22
605,楼兰,22
606,圣达菲,22
607,H8,22
608,荣威RX8,22
609,Nexo,22
610,自由侠,22
611,英菲尼迪QX,22
612,艾力绅,22
613,启辰D60EV,22
614,宝来纯电,22
615,悦动,22
616,雪铁龙C3,22
617,Matrix,22
618,威驰,22
619,起亚K5,22
620,Atlas,21
621,逸动XT,21
622,星途TX,21
623,Passat,21
624,全顺,21
625,风度,21
626,Clio,21
627,马自达CX-5,21
628,纳瓦拉,21
629,BJ40,20
630,花冠,20
631,Huracán,20
632,沃尔沃S90,20
633,BYTONM-Byte,20
634,ARCFOX-GT,20
635,CDX,20
636,GranCoupe,20
637,Jetta,20
638,众泰E20,20
639,众泰E200,20
640,沃兰多,20
641,GT3,20
642,GTO,20
643,T-ROC探歌,20
644,开拓者,20
645,Fusion,20
646,大切诺基,20
647,新世纪,19
648,观境,19
649,风行T5,19
650,ENCINO昂希诺,19
651,慕尚,19
652,X80,19
653,天逸C5AIRCROSS,19
654,祺智EV,19
655,威朗,19
656,I3,19
657,Giulia,19
658,ARCFOX-7,19
659,雪铁龙C4,19
660,途昂X,19
661,领界EV,19
662,X3M,19
663,力狮,19
664,林肯MKC,19
665,马自达CX-4,19
666,江淮iEVS4,19
667,DS3,19
668,奇点iS6,19
669,瑞迈,18
670,思铭,18
671,奕炫,18
672,陆地方舟,18
673,盛世,18
674,fortwo,18
675,RS6,18
676,夏朗,18
677,传祺GM8,18
678,iV6,18
679,猎豹CS10,18
680,S350,18
681,SAI,18
682,蔚揽,18
683,江淮iEV7,18
684,Escala,18
685,欧拉R2,18
686,5系新能源,18
687,RDX,18
688,E20X,18
689,爱卡,17
690,Stelvio,17
691,F-PACE,17
692,观致5,17
693,熊猫,17
694,DX3,17
695,D90,17
696,TLX,17
697,科尔维特,17
698,F40,17
699,瑞纳,17
700,翼搏,17
701,allroad,17
702,D-MAX,17
703,X95,17
704,奕泽IZOAEV,17
705,森雅,17
706,零跑C-more,17
707,407EV,17
708,揽胜星脉,17
709,D8,17
710,IONIQ,17
711,辉昂,17
712,GC2,17
713,CX70,17
714,高尔夫纯电,16
715,博骏,16
716,e-Palette,16
717,奕歌,16
718,起亚KX5,16
719,柯迪亚克GT,16
720,C-HREV,16
721,远景S1,16
722,瑞虎7,16
723,菲亚特500,16
724,拓陆者,16
725,爱尚,16
726,绿驰M500,16
727,逸动ET,16
728,速迈,16
729,A600,15
730,MissionE,15
731,BJ80,15
732,五菱宏光S3,15
733,Aventador,15
734,捷达VS5,15
735,Corsair,15
736,翼豹,15
737,UrbanEV,15
738,库里南,15
739,名爵6新能源,15
740,FUN,15
741,D01,15
742,X4M,15
743,ID.ROOMZZ,15
744,Terra,15
745,铃拓,15
746,众泰Z500,15
747,辉腾,15
748,爱丽舍,15
749,知豆D2,15
750,战车,15
751,力帆650,15
752,林肯C,15
753,傲虎,15
754,凌特,14
755,英菲尼迪Q50,14
756,途达,14
757,凯越,14
758,F505,14
759,赛欧,14
760,Snap,14
761,福克斯Active,14
762,Sergio,14
763,California,14
764,CLS级,14
765,和悦,14
766,S330,14
767,风光ix5,14
768,DS6,14
769,指挥官PHEV,14
770,Citigo,14
771,世嘉,14
772,C21,14
773,大指挥官,14
774,女王,14
775,迈凯伦720S,14
776,Excel,14
777,沃尔沃S60,14
778,菱智,14
779,T33,14
780,秦Pro新能源,14
781,传祺GS5,14
782,X70A,14
783,F-TYPE,14
784,NEVS93,14
785,荣威950,14
786,风骏5,14
787,Traverse,13
788,林肯MKZ,13
789,EX1,13
790,Karma,13
791,Cayman,13
792,纬度,13
793,ENTRANZE,13
794,Mono,13
795,TTS,13
796,X70SEV,13
797,北京现代ix35,13
798,荣威RX5MAX,13
799,爱尚EV,13
800,瑞风S7,13
801,斯巴鲁BRZ,13
802,雷诺ZOE,13
803,沃蓝达,13
804,锐骐6,13
805,T99,13
806,索罗德,13
807,C31,13
808,特顺,13
809,Karl,13
810,纳5,13
811,名图,13
812,C35,13
813,Charger,13
814,力帆650EV,13
815,SERESSF5,13
816,Tiguan,12
817,MDX,12
818,风行T5L,12
819,RM-5,12
820,撼路者,12
821,RS5,12
822,伊兰特EV,12
823,风光E3,12
824,A800,12
825,M20,12
826,观致3,12
827,雅致,12
828,VISIONE,12
829,xB,12
830,G级,12
831,奇瑞QQ,12
832,RS3,12
833,本田e,12
834,悦纳,12
835,科迈罗,12
836,勇士,12
837,Amarok,12
838,SCALA,12
839,KAMIQ,12
840,阅朗,12
841,Boxster,12
842,帕杰罗,12
843,H6C,12
844,逸动新能源,12
845,X70EV,11
846,江淮iEVA50,11
847,领动插电混动,11
848,启辰T90,11
849,LCF,11
850,马自达CX-8,11
851,4007,11
852,昂科拉GX,11
853,晨风,11
854,锋范,11
855,DS5,11
856,域虎7,11
857,Ultimate,11
858,Galaxy,11
859,大乘G60S,11
860,Impala,11
861,Ateca,11
862,裕隆汽车,11
863,领主,11
864,CTS,11
865,RS4,11
866,雷诺e诺,11
867,01概念车,11
868,域虎3,11
869,H30,11
870,日产IMs,11
871,祺智PHEV,11
872,启辰e30,11
873,绅宝D50,11
874,VISIONiV,11
875,唐新能源,11
876,坦途,11
877,TLX-L,11
878,江淮iEV7S,10
879,TARANTULA,10
880,Combo,10
881,云逸C4AIRCROSS,10
882,Twizy,10
883,X级,10
884,帕萨特新能源,10
885,Start,10
886,GenerationEQ,10
887,M35,10
888,奕跑,10
889,威霆,10
890,帝豪新能源,10
891,Centoventi,10
892,中华V3,10
893,索纳塔插电混动,10
894,HX,10
895,众泰T300,10
896,迈凯伦600LT,10
897,SWM斯威G01,10
898,Revero,10
899,up!,10
900,奥拓,10
901,Kangoo,10
902,柯斯达,10
903,雪铁龙C4L,10
904,MX3,10
905,RC-6,10
906,云图,10
907,民意,10
908,Special,10
909,欧思典,10
910,CCoupe,10
911,雅力士,10
912,创界,10
913,AX4,10
914,NSX,10
915,RS7,10
916,风骏6,9
917,极睿,9
918,古思特,9
919,格越,9
920,启辰T60,9
921,Gear,9
922,雪铁龙C3-XR,9
923,QXInspiration,9
924,STS,9
925,Venue,9
926,风光580Pro,9
927,Transit,9
928,昂科雷,9
929,艾瑞泽e,9
930,MUSE,9
931,BX7,9
932,雅骏,9
933,轩朗,9
934,日产GT-R,9
935,E-Tense,9
936,Q50L,9
937,ID.CROZZ,9
938,Q9,9
939,RGNathalie,9
940,荣威Vision-i,9
941,Idea,9
942,BJ212,9
943,图雅诺,9
944,B30EV,9
945,GranTurismo,9
946,Portal,9
947,Arona,9
948,H6Coupe,9
949,雪铁龙C5,9
950,Avenir,9
951,迈威,9
952,景逸,9
953,SITECHDEV1,9
954,陆风X7,9
955,传祺GA4,9
956,Estate,9
957,LEON,9
958,Shuttle,9
959,星途LX,8
960,Ascent,8
961,DS5LS,8
962,AI:ME,8
963,马自达CX-3,8
964,狮跑,8
965,B70,8
966,Twingo,8
967,逸动DT,8
968,飞扬,8
969,马自达MX-5,8
970,Note,8
971,TTRS,8
972,GC1,8
973,迈迈,8
974,GTC4Lusso,8
975,大乘G60E,8
976,小尊,8
977,森雅R7,8
978,前途K20,8
979,mu-X牧游侠,8
980,CT4,8
981,GM3,8
982,帅铃T8,8
983,领克05,8
984,格兰尼,8
985,海豚EV,8
986,S660,8
987,猎豹CS9,8
988,Fastback,8
989,华骐300E,8
990,M30,8
991,APM,8
992,BX5,8
993,雪铁龙C6,8
994,e-208,8
995,Chiron,8
996,Rapide,8
997,E350,8
998,力帆330EV,8
999,力帆330,8
1000,本田S,8
1001,风行SX6,8
1002,迈特威,8
1003,VELITE5,8
1004,传祺GS3,8
1005,Elise,8
1006,优优,8
1007,多宝,8
1008,思铂睿,8
1009,大乘E20,8
1010,荣威e950,8
1011,Tomo,8
1012,DS4,8
1013,Enspire,8
1014,风光330,8
1015,Instinct,8
1016,陆风荣曜,8
1017,尊者,8
1018,兰德酷路泽,8
1019,中华H530,7
1020,林肯MKX,7
1021,科雷缤,7
1022,Spin,7
1023,ISF,7
1024,SuperDuty,7
1025,特拉卡,7
1026,JETOURX,7
1027,中华V9,7
1028,COUNTRYMAN,7
1029,魅影,7
1030,捷达VA3,7
1031,帅客,7
1032,HR1,7
1033,Q35,7
1034,北斗星,7
1035,曜影,7
1036,Evora,7
1037,Chief,7
1038,D52,7
1039,Tacoma,7
1040,E-Pro,7
1041,310W,7
1042,日产IMQ,7
1043,ID.BUZZ,7
1044,爱驰U7,7
1045,iV7,7
1046,M80,7
1047,致胜,7
1048,传祺GA8,7
1049,5系GT,7
1050,C37,7
1051,Alfieri,7
1052,雪铁龙C1,7
1053,Soul,7
1054,iVisionDynamics,7
1055,长安凯程F70,7
1056,途观L新能源,7
1057,传祺GS7,7
1058,918Spyder,7
1059,陆风逍遥,7
1060,Agera,7
1061,Transporter,7
1062,FLEX,7
1063,Gallardo,7
1064,DX5,7
1065,Daily,7
1066,风诺,7
1067,Q25,7
1068,U-Concept,7
1069,瑞风M4,7
1070,Forte,7
1071,Tarraco,7
1072,大乘G70S,7
1073,Panda,7
1074,风光S560,7
1075,宋Pro新能源,7
1076,神韵,7
1077,E115,7
1078,Telluride,7
1079,海域,7
1080,C36,6
1081,EXP100GT,6
1082,哪吒N03,6
1083,东方之子,6
1084,Eos,6
1085,瑞风S5,6
1086,PUMA,6
1087,马自达8,6
1088,福美来F7,6
1089,马自达5,6
1090,EUNIQ6,6
1091,幸福e+,6
1092,MarkZero,6
1093,富康ES500,6
1094,Mint,6
1095,F-350,6
1096,知豆D1,6
1097,iOn,6
1098,名爵EZS纯电动,6
1099,众泰T600,6
1100,西雅特Mii,6
1101,乐风,6
1102,Panamera新能源,6
1103,QsInspiration,6
1104,Code,6
1105,RSQ3,6
1106,梅甘娜,6
1107,域虎5,6
1108,赛纳,6
1109,A30,6
1110,Passport,6
1111,E-SEED,6
1112,索纳塔九,6
1113,起亚Ceed,6
1114,帅铃T6,6
1115,Battista,6
1116,K01,6
1117,Every,6
1118,风行S50EV,6
1119,iHydrogenNEXT,6
1120,晶锐,6
1121,DS4S,6
1122,KXCROSS,6
1123,BX6,6
1124,A级新能源,6
1125,迈凯伦F1,6
1126,Hector,6
1127,LFA,6
1128,WEY-X,6
1129,广汽丰田iA5,6
1130,JCW,6
1131,Boxer,6
1132,Aygo,6
1133,VisionG,6
1134,MX5,5
1135,江淮iEV6S,5
1136,凯特,5
1137,I5,5
1138,Milano,5
1139,ActiveTourer,5
1140,酷派,5
1141,缤歌,5
1142,众泰i-across,5
1143,SQ8,5
1144,哪吒汽车U,5
1145,Concept40.2,5
1146,VISIONX,5
1147,荣威e550,5
1148,歌诗图,5
1149,绅宝X35,5
1150,马自达3昂克赛拉,5
1151,X5新能源,5
1152,CLUBMAN,5
1153,欧尚E01,5
1154,速锐,5
1155,游侠X,5
1156,B90,5
1157,FT-1,5
1158,Frontier,5
1159,自由人,5
1160,神骐F30,5
1161,Pickup,5
1162,PB18,5
1163,DX7,5
1164,YARiSL致炫,5
1165,6系GT,5
1166,志翔,5
1167,骏派D60,5
1168,Divo,5
1169,昊锐,5
1170,乐风RV,5
1171,Elan,5
1172,佳乐,5
1173,Astra,5
1174,AlpineA110,5
1175,嘉际新能源,5
1176,北京现代ix25,5
1177,GranLusso,5
1178,中华V6,5
1179,Vesta,5
1180,毕加索,5
1181,沃尔沃V60,5
1182,欧力威,5
1183,乐途,5
1184,同悦,5
1185,Kangaroo,5
1186,MX6,5
1187,美人豹,5
1188,7系新能源,5
1189,CaliforniaT,5
1190,零跑T03,5
1191,中华V5,5
1192,普力马,5
1193,X6M,5
1194,Altima,5
1195,Nucleus,5
1196,Fox,5
1197,Gladiator,5
1198,ID.BUGGY,5
1199,旷世,5
1200,E60,5
1201,AX3,5
1202,依维柯欧胜,5
1203,A级AMG,5
1204,凯睿,5
1205,INSIGHT,5
1206,科赛5,5
1207,路易斯,5
1208,昕锐,5
1209,荣威550,5
1210,奇点iC3,5
1211,星锐,5
1212,K17,5
1213,Habaniro,5
1214,前途Concept2,5
1215,C-TREK蔚领,5
1216,Regera,5
1217,Rogue,5
1218,福美来F5,5
1219,SIERRA,5
1220,锐骐皮卡,5
1221,大迈X5,5
1222,Evija,5
1223,瑞风S2,5
1224,景逸S50,5
1225,凯路威,5
1226,骐铃T15,5
1227,Cedric,4
1228,C级新能源,4
1229,c6,4
1230,起亚SP,4
1231,威虎,4
1232,LaVoiture,4
1233,Figo,4
1234,小老虎,4
1235,SYMBIOZ,4
1236,马自达CX-9,4
1237,小猬EV,4
1238,GX5,4
1239,风华,4
1240,锐志,4
1241,焕驰,4
1242,天际ME-S,4
1243,Alaskan,4
1244,RSQ8,4
1245,雷斯特,4
1246,风行F600,4
1247,Vmotion2.0,4
1248,HB-03,4
1249,3系新能源,4
1250,吉姆尼,4
1251,日产NV200,4
1252,Sandero,4
1253,M60,4
1254,Formentor,4
1255,知豆D3,4
1256,Sián,4
1257,思迪,4
1258,F12berlinetta,4
1259,野马EC60,4
1260,江淮iEVA60,4
1261,黄海N3,4
1262,观致2,4
1263,领克01新能源,4
1264,领途K-ONE,4
1265,SLC级,4
1266,R级,4
1267,勇士皮卡,4
1268,斯汀格,4
1269,星途E-IUV,4
1270,BQ5,4
1271,Nils,4
1272,Atlantic,4
1273,LaFerrari,4
1274,劲炫ASX,4
1275,Baleno,4
1276,逸酷,4
1277,赛麟S1,4
1278,斯巴鲁WRX,4
1279,致悦,4
1280,Cayenne新能源,4
1281,ZDX,4
1282,众泰SR9,4
1283,艾菲,4
1284,极流,4
1285,域虎9,4
1286,众泰T500,4
1287,ILX,4
1288,RED01,4
1289,Seven,4
1290,奇瑞A3,4
1291,ET400,4
1292,途乐,4
1293,五菱宏光V,4
1294,传祺GS4新能源,4
1295,华颂7,4
1296,日产370Z,4
1297,SR1,4
1298,沃尔沃V40,4
1299,BJ90,4
1300,Exige,4
1301,Sienna,4
1302,Bronco,4
1303,森雅R8,4
1304,e-Legend,4
1305,瑞风R3,4
1306,圣达菲7,4
1307,E-Rock,4
1308,菲翔,4
1309,GranSport,4
1310,君马S70,4
1311,Trafic,4
1312,菲亚特124,4
1313,Kwid,4
1314,锐铃,4
1315,俊风ER30,4
1316,forfour,4
1317,中华骏捷,4
1318,A5翼舞,4
1319,赛麟S7,4
1320,途睿欧,4
1321,Ridgeline,4
1322,Matchless,4
1323,Vision-E,4
1324,V802,4
1325,FV2,4
1326,欧力威EV,4
1327,BJ20,4
1328,YARiSL致享,4
1329,高合HiPhi1,4
1330,英菲尼迪Q30,4
1331,E·境,4
1332,GLK级,4
1333,海尚,4
1334,π7,4
1335,风雅,4
1336,Provo,4
1337,BXi7,4
1338,EG10,4
1339,D100,3
1340,克莱斯勒300C,3
1341,凯旋,3
1342,威航,3
1343,Carmen,3
1344,U5SUV,3
1345,Cube,3
1346,嘉悦A5,3
1347,库罗德,3
1348,WAY,3
1349,众泰Z700,3
1350,RC-5,3
1351,VisionGT,3
1352,杰德,3
1353,GranCabrio,3
1354,力帆X60,3
1355,碧莲,3
1356,Skyline,3
1357,风景G7,3
1358,Felicia,3
1359,S级新能源,3
1360,CLARITY,3
1361,2系旅行车,3
1362,MINI新能源,3
1363,蒂维拉,3
1364,威达,3
1365,金威,3
1366,皓影,3
1367,E级新能源,3
1368,GLS级,3
1369,双龙e-SIV,3
1370,英菲尼迪Q70,3
1371,欧宝Corsa,3
1372,索兰托,3
1373,御岳,3
1374,C32,3
1375,HR-V,3
1376,ImagineByKia,3
1377,1系M,3
1378,瑞风M3,3
1379,西玛,3
1380,Sonic,3
1381,远景X1,3
1382,朗动,3
1383,Suburban,3
1384,CoupeSUV,3
1385,科赛3,3
1386,前途K25,3
1387,迈凯伦570,3
1388,L60,3
1389,纳智捷URX,3
1390,威驰FS,3
1391,五菱荣光,3
1392,起亚XCeed,3
1393,Tavascan,3
1394,ConceptS,3
1395,Spacia,3
1396,自由舰,3
1397,理念S1,3
1398,ConceptOne,3
1399,飞腾,3
1400,现代i20,3
1401,Ciaz,3
1402,秀尔,3
1403,前途Concept1,3
1404,英菲尼迪QX30,3
1405,风朗,3
1406,Sprinter,3
1407,DS9,3
1408,添越PHEV,3
1409,PALISADE,3
1410,帝豪GL新能源,3
1411,Clever,3
1412,战神,3
1413,悦翔,3
1414,Berlingo,3
1415,考斯特,3
1416,Z8,3
1417,宝利格,3
1418,路盛S1,3
1419,Freed,3
1420,Berlinetta,3
1421,优劲,3
1422,K02,3
1423,睿行M60,3
1424,吉利GS,3
1425,ACADIA,3
1426,Pathfinder,3
1427,中华H3,3
1428,Minimo,3
1429,F015,3
1430,HIACE,3
1431,康恩迪,3
1432,图雅诺EV,3
1433,Granite,3
1434,睿行M80,3
1435,JUKE,3
1436,Aicon,3
1437,SQ2,3
1438,开瑞K60,3
1439,e-SEEDGT,3
1440,M级,3
1441,江南TT,3
1442,柯兰多,3
1443,众泰T700,3
1444,迈巴赫S级,3
1445,WEY-S,3
1446,Ocean,3
1447,Cascada,3
1448,君马MEET5,3
1449,旗云,3
1450,斯派卡,3
1451,CLA级AMG,3
1452,C4世嘉,3
1453,C90EV,3
1454,EC36,3
1455,猛士,2
1456,ProaceCity,2
1457,风行X5,2
1458,捷达VS7,2
1459,中华H230EV,2
1460,吉利GX7,2
1461,中华骏捷FSV,2
1462,CityCar,2
1463,SLK级,2
1464,开瑞K50,2
1465,三菱i,2
1466,乐驰,2
1467,e-up!,2
1468,奕炫新能源,2
1469,SMV,2
1470,森雅R9,2
1471,Xπ,2
1472,Enverge,2
1473,雅科仕,2
1474,Giulietta,2
1475,中华H230,2
1476,三菱e-Yi,2
1477,名爵3,2
1478,起亚KX3新能源,2
1479,雅尊,2
1480,征服者,2
1481,Zerouno,2
1482,QInspiration,2
1483,雪铁龙CX,2
1484,CarreraGT,2
1485,EZ-GO,2
1486,919Hybrid,2
1487,金鹰,2
1488,名爵5,2
1489,慧影,2
1490,Harrier,2
1491,王朝概念车,2
1492,中华H220,2
1493,海马3,2
1494,艾瑞泽7e,2
1495,凯领,2
1496,SL级,2
1497,福瑞迪,2
1498,中国龙,2
1499,众泰Z500新能源,2
1500,龙威,2
1501,神骐T10,2
1502,Hilux,2
1503,C-X75,2
1504,帕杰罗·劲畅,2
1505,SWM斯威X3,2
1506,起亚KX7,2
1507,兴顺,2
1508,CupraAteca,2
1509,金星,2
1510,骏派A50,2
1511,福顺,2
1512,经典全顺,2
1513,BYTONK-Byte,2
1514,威马EVOLVE,2
1515,悦翔V3,2
1516,308S,2
1517,全球鹰EX3,2
1518,Sentra,2
1519,睿行ES30,2
1520,江淮V7,2
1521,Crafter,2
1522,圣达菲5,2
1523,英菲尼迪ESQ,2
1524,ARKANA,2
1525,瑞风A60,2
1526,Vivaro,2
1527,roadster,2
1528,Avante,2
1529,宾悦,2
1530,风行M6,2
1531,哥瑞,2
1532,中华尊驰,2
1533,Gripz,2
1534,风景V5,2
1535,宝典,2
1536,传祺GA5,2
1537,猎豹CT7,2
1538,凌度,2
1539,AMGONE,2
1540,N-BOX,2
1541,海锋,2
1542,Elite,2
1543,Jesko,2
1544,俊风E11K,2
1545,Rush,2
1546,SQ7,2
1547,新世代全顺,2
1548,嘉华,2
1549,LeFilRouge,2
1550,艾瑞泽7,2
1551,e-EVOLUTION,2
1552,启辰TheV,2
1553,陆风X9,2
1554,SWM斯威G05,2
1555,英菲尼迪Q60,2
1556,Stratos,2
1557,3系GT,2
1558,VisionURBANETIC,2
1559,全球鹰K27,2
1560,霸锐,2
1561,风行T1EV,2
1562,昕动,2
1563,雨燕,2
1564,闪闪X2,2
1565,Tonale,2
1566,SLS级,2
1567,Essentia,2
1568,Mattu,2
1569,揽胜新能源,2
1570,吉利icon,2
1571,华泰B11,2
1572,上海SH760,2
1573,沃尔沃V90,2
1574,马自达CX-30,2
1575,CA770,2
1576,BuggyUp,2
1577,全球鹰K12,2
1578,DaVinci,2
1579,起亚K5新能源,2
1580,迈凯伦GT,2
1581,Galibier,2
1582,GINA,2
1583,风光370,2
1584,Riviera,2
1585,广汽本田VE-1,2
1586,A6L新能源,2
1587,赛弗,2
1588,景逸SUV,2
1589,瑞鹰,2
1590,绅宝D20,2
1591,战旗,2
1592,VisionGranTurismo,2
1593,Viziv,2
1594,PROACE,2
1595,H2s,2
1596,X1新能源,2
1597,Garmisch,2
1598,斯巴鲁XV,2
1599,敏安MX-6,2
1600,迈凯伦Speedtail,2
1601,RG10,2
1602,Dino,2
1603,Portofino,2
1604,中华酷宝,2
1605,劳恩斯,2
1606,长安之星,2
1607,风骏7EV,2
1608,锐行,2
1609,现代i10,2
1610,EC35,2
1611,宝来经典,2
1612,WitStar,2
1613,Veloster飞思,2
1614,佳宝V80,2
1615,X-POWER,2
1616,三菱L200,2
1617,秦新能源,2
1618,508新能源,2
1619,X3新能源,2
1620,维特拉,2
1621,凌轩,2
1622,Stonic,2
1623,F-250,2
1624,SC1Vision,2
1625,Beast,2
1626,长行EV,2
1627,V3菱悦,2
1628,A600EV,2
1629,Cobalt,2
1630,五菱之光,2
1631,嘉路,2
1632,赛拉图,2
1633,Jimmy,2
1634,中华EV,2
1635,Seltos,2
1636,唯雅诺,2
1637,Musso,2
1638,五十铃皮卡,2
1639,科帕奇,2
1640,荣威RX5新能源,1
1641,爱唯欧,1
1642,悦翔V7,1
1643,ChargerSRT,1
1644,EL-BORN,1
1645,黑金刚,1
1646,本田UR-V,1
1647,麦柯斯,1
1648,华晨金杯750,1
1649,英速亚,1
1650,沃尔沃C30,1
1651,开瑞K50EV,1
1652,Gloria,1
1653,CrosslandX,1
1654,开迪,1
1655,猎豹Coupe,1
1656,欧宝Mokka,1
1657,BLS,1
1658,绅宝X25,1
1659,凯歌,1
1660,五菱荣光V,1
1661,CL级,1
1662,风光ix7,1
1663,路盛E70,1
1664,海福星,1
1665,Tiago,1
1666,俊风E17,1
1667,领途E行,1
1668,金杯F50,1
1669,Copen,1
1670,ELR,1
1671,观致MILE1,1
1672,大瓦格尼,1
1673,Espace,1
1674,EX7,1
1675,VISIONC,1
1676,575M,1
1677,奇瑞QQ3EV,1
1678,F125,1
1679,野马F99,1
1680,鑫源T20S,1
1681,Dart,1
1682,I9,1
1683,Centenario,1
1684,迈凯伦675LT,1
1685,S-Type,1
1686,雪铁龙C4Cactus,1
1687,起亚K2,1
1688,Xpander,1
1689,C105,1
1690,帕拉丁,1
1691,启辰T70,1
1692,力帆820EV,1
1693,远景X6,1
1694,SF90Stradale,1
1695,酷威,1
1696,Prologue,1
1697,嘉年华(进口),1
1698,F3R,1
1699,安德拉,1
1700,众泰SR7,1
1701,BR-V,1
1702,启腾M70,1
1703,小鹏汽车BETA版,1
1704,海马S7,1
1705,Arteon,1
1706,P72,1
1707,凯绅,1
1708,力帆820,1
1709,Extrem,1
1710,V6菱仕,1
1711,VISIONCOUPE,1
1712,荣威W5,1
1713,PickUp,1
1714,力帆X80,1
1715,SWM斯威X7,1
1716,骐铃T7,1
1717,FEFuelCell,1
1718,Ampera,1
1719,菱智M5EV,1
1720,DSXE-Tense,1
1721,Senat,1
1722,迈腾新能源,1
1723,Delica,1
1724,逸行,1
1725,瑞迈EV,1
1726,睿翼,1
1727,鑫源T30S,1
1728,迈巴赫GLS,1
1729,英菲尼迪QX80,1
1730,Bulli,1
1731,Concept40.1,1
1732,伊柯丽斯,1
1733,EMotion,1
1734,时韵,1
1735,铂锐,1
1736,NONE,1
1737,Preface,1
1738,黄海N2,1
1739,250GT,1
1740,赛飞利,1
1741,海马M8,1
1742,DS3新能源,1
1743,SVEN,1
1744,COUNTRYMAN新能源,1
1745,千里马,1
1746,成功BEV6,1
1747,LykanHyperSport,1
1748,沃尔沃C70,1
1749,Picanto,1
1750,威乐,1
1751,发现运动版,1
1752,路霸,1
1753,福克斯(进口),1
1754,天王星,1
1755,御风EV,1
1756,Strada,1
1757,景程,1
1758,锋驭,1
1759,沃尔沃XC60新能源,1
1760,Nexon,1
1761,泥瓦,1
1762,CX3,1
1763,PACEMAN,1
1764,鑫源T22S,1
1765,马自达RX-VISION,1
1766,北斗星X5,1
1767,威志,1
1768,Valhalla,1
1769,One:1,1
1770,日产IMx,1
1771,观致MILEII,1
1772,荣威750,1
1773,启腾EX80,1
1774,MOIA,1
1775,帅客新能源,1
1776,SPACETOURER,1
1777,E美,1
1778,众泰Z300,1
1779,传祺GA3SPHEV,1
1780,BSSGTOne,1
1781,Saab9-4X,1
1782,威兰达,1
1783,FCX,1
1784,LANCER,1
1785,EZ-ULTIMO,1
1786,CXPERIENCE,1
1787,Cressida,1
1788,金旅海狮,1
1789,CWCOUNTRYMAN,1
1790,鑫源T32S,1
1791,e-Trans,1
1792,GTConcept,1
1793,域虎新能源,1
1794,C60F,1
1795,艾瑞泽3,1
1796,BB1,1
1797,开瑞K60EV,1
1798,Serena,1
1799,Veneno,1
1800,Almas,1
1801,B级新能源,1
1802,东风本田X-NV,1
1803,五菱荣光小卡,1
1804,江铃E160,1
1805,Altea,1
1806,景逸X6,1
1807,猎鹰,1
1808,Fullback,1
1809,WagonR,1
1810,欧宝GT,1
1811,新时代海狮,1
1812,瑞风M6,1
1813,iSPACE,1
1814,Vulcan,1
1815,DX9,1
1816,SUV-X,1
1817,力帆620,1
1818,众泰ET450,1
1819,EXALT,1
1820,昌河北斗星,1
1821,绅宝D80,1
1822,S-Concept,1
1823,奇瑞QQ3,1
1824,菲斯塔新能源,1
1825,SRX,1
1826,CONCEPTV,1
1827,迈凯伦540C,1
1828,祥菱M,1
1829,众泰ES330,1
1830,玛驰,1
1831,荣威IS31,1
1832,Kiyora,1
1833,瑞途,1
1834,Murcielago,1
1835,ARCFOX-1,1
1836,优利欧,1
1837,艾菲新能源,1
1838,瑞风M5,1
1839,英致727,1
1840,ID.RPikesPeak,1
1841,骏派D80,1
1842,Vulcano,1
1843,启腾V60,1
1844,众泰2008,1
1845,雪铁龙19_19,1
1846,欧诺S,1
1847,TConcept,1
1848,Agila,1
1849,RayEV,1
1850,野马EC70,1
1851,Sonett,1
1852,普力马EV,1
1853,传祺GA3,1
1854,VISIONRS,1
1855,金旅海狮新能源,1
1856,CX20,1
1857,RM-C,1
1858,领坤EV,1
1859,Fortuner,1
1860,丘比特,1
1861,力帆X50,1
1862,清行400,1
1863,Reventon,1
1864,途铠,1
1865,EZ-PRO,1
1866,BSSGTCube,1
1867,DaciaDuster,1
1868,TRAVELLER,1
1869,Citan,1
1870,启辰M50V,1
1871,同悦RS,1
1872,力帆320,1
1873,优劲EV,1
1874,Granvia,1
1875,Quantino,1
1876,启腾M70EV,1
1877,神行者,1
1878,众泰T300新能源,1
1879,骐铃T100,1
1880,领克02新能源,1
1881,Surf,1
1882,凯雷德ESCALADE,1
1883,沃尔沃S90新能源,1
1884,OSHAN,1
1885,威姿,1
1886,MASTER,1
1887,爱迪尔,1
1888,长安星卡,1
1889,GLBAMG,1
1890,Diablo,1
1891,CIMA,1
1892,菲亚特500X,1
1893,蒙迪欧-致胜,1
1894,Griffith,1
1895,众泰Z360,1
1896,Verso,1
1897,SWM斯威X2,1
1898,C30新能源,1
1899,DS23,1
1900,EXP12Speed6e,1
1901,景逸X5,1
1902,御风P16,1
1903,RIVIANR1T,1
1904,福美来MPV,1
1905,速翼特,1
1906,海狮Z系列,1
1907,Tahoe,1
1908,宋MAX新能源,1
1909,GSF,1
1910,Sion,1
1911,VenomF5,1
1912,MGV80,1
1913,608EV,1
1914,ConceptB,1
1915,RSQe-tron,1
1916,ModelK-EV,1
1917,沃克斯豪尔Corsa,1
1918,Pulsar,1
1919,神骐F50,1
1920,Altroz,1
1921,Durango,1
1922,五菱荣光新卡,1
1923,LEVORG,1
1924,KONA新能源,1
1925,G级AMG,1
1926,全球鹰K17,1
1927,贵士,1
1928,之诺60H,1
1929,E2Concept,1
1930,竞瑞,1
1931,菲亚特500L,1
1932,领克03新能源,1
1933,GRSuperSport,1
1934,VisionEQS,1
1935,SRM鑫源新能源,1
1936,风行M7,1
1937,Vision-R,1
1938,e-RACER,0
1939,长安之星3,0
1940,EfficientDynamics,0
1941,铃木SX4(海外),0
1942,AionS(埃安S),0
1943,吉利EV7,0
1944,N2025VGT,0
1945,北京现代i30,0
1946,希旺,0
1947,和悦SC,0
1948,旗云2,0
1949,W1新能源,0
1950,VIZIV-7,0
1951,英菲尼迪EX,0
1952,ALPINA D5,0
1953,ATS(进口),0
1954,RV80,0
1955,维拉克斯,0
1956,双龙XLV-Air,0
1957,Universe,0
1958,DS3经典,0
1959,力帆620EV,0
1960,U7TURBO,0
1961,SS100,0
1962,优雅2代,0
1963,雪佛兰E-10Concept,0
1964,ONYX,0
1965,Q7新能源,0
1966,马自达RX-8,0
1967,福仕达鸿达,0
1968,Attrage,0
1969,JCW COUPE,0
1970,奇瑞α7,0
1971,锐腾,0
1972,起亚K3S,0
1973,DusterExtrem Concept,0
1974,CrossGT,0
1975,智尚S30,0
1976,开瑞X70,0
1977,蔚揽新能源,0
1978,S级AMG,0
1979,瑞虎e特卖,0
1980,吉利GC7,0
1981,佳宝V70II代,0
1982,雄师F22,0
1983,鑫源X30LEV,0
1984,纳瓦拉(海外),0
1985,如虎CTR3,0
1986,佳跃,0
1987,MATERIA,0
1988,威虎G3,0
1989,朗境,0
1990,F800,0
1991,ConceptIAA,0
1992,DeZir,0
1993,睿行M90,0
1994,金牛座(海外),0
1995,启辰D50,0
1996,Note新能源,0
1997,长安之星7,0
1998,迈凯伦625C,0
1999,VIZIVTourer,0
2000,劳斯莱斯20/25HP,0
2001,五菱宏光PLUS特卖,0
2002,Thema,0
2003,SmallRS,0
2004,君马SEEK5(赛克5),0
2005,双龙LIV-2,0
2006,EVcoupe,0
2007,RIOS,0
2008,SPORTSPACE,0
2009,启悦(海外),0
2010,斯柯达VISIONGT,0
2011,Tipo,0
2012,双龙SIV-2,0
2013,迈图,0
2014,吉利GX8,0
2015,指南者新能源,0
2016,驰鹏,0
2017,哪吒汽车Eureka02,0
2018,AC Sohnitzer 7系,0
2019,野马EC30,0
2020,奥轩G5,0
2021,Model L,0
2022,NobleM12,0
2023,ALFA 147,0
2024,锐骐皮卡新能源,0
2025,FCV-R,0
2026,奇瑞QQme,0
2027,Yeti,0
2028,中兴GX3,0
2029,经典帝豪,0
2030,SilverCloud,0
2031,Saab900,0
2032,玛驰(海外),0
2033,Eolab,0
2034,CityExpress,0
2035,切诺基(进口),0
2036,CX30,0
2037,SportCoupe,0
2038,海狮S,0
2039,野马E系,0
2040,LorinserGS500,0
2041,荣威e50,0
2042,EXP10Speed6,0
2043,愿景IV,0
2044,正道GT,0
2045,SestoElemento,0
2046,日产IMk,0
2047,Falcon,0
2048,C-MAX,0
2049,Ultra-compactBEV,0
2050,探影,0
2051,伊兰特(海外),0
2052,吉利SV5,0
2053,阁瑞斯,0
2054,旗舰A9,0
2055,锐欧(海外),0
2056,赛麟挑战者,0
2057,Creta,0
2058,C级(进口),0
2059,沃尔沃S80,0
2060,佳宝T57,0
2061,Superleggera Vision,0
2062,Corsae,0
2063,野马T70,0
2064,ABT A3,0
2065,中华C3,0
2066,福瑞达,0
2067,HANARE,0
2068,蒙派克E,0
2069,优优2代优优EV,0
2070,劲驰X1,0
2071,K07S,0
2072,力帆X70概念车,0
2073,SP38,0
2074,众泰T100,0
2075,小海狮X30,0
2076,阿斯顿马丁DP-100,0
2077,RXCTurbo,0
2078,远舰,0
2079,中华H330,0
2080,星朗,0
2081,NEVS9-3X,0
2082,昂科旗,0
2083,GrandConvertible,0
2084,起亚CUB,0
2085,西雅特IBE,0
2086,金旅大海狮新能源,0
2087,AT96TREV,0
2088,i-flow,0
2089,Crosslane Coupe,0
2090,长安星卡L1,0
2091,艾瑞泽M7,0
2092,F355,0
2093,英菲尼迪Q60S,0
2094,Resonance,0
2095,AirCross,0
2096,劳恩斯-酷派,0
2097,自由侠新能源,0
2098,宝斯通,0
2099,DS9新能源,0
2100,沃克斯豪尔Adam,0
2101,畅巡,0
2102,TeatroforDayz,0
2103,欢腾H1,0
2104,三菱GT-PHEV,0
2105,D80EV,0
2106,奥轩G3,0
2107,途胜(进口),0
2108,CT5(海外),0
2109,御风S16,0
2110,H5C,0
2111,优翼,0
2112,瑞麒G5,0
2113,五菱征程,0
2114,缤越新能源,0
2115,黄海N7,0
2116,陆风X5,0
2117,吉利SX5,0
2118,启悦,0
2119,Saab99,0
2120,佳宝T51,0
2121,Onix(海外),0
2122,Fractal,0
2123,雷诺XBA,0
2124,CitiJet,0
2125,铃木iK-2,0
2126,迈威新能源,0
2127,福运,0
2128,Saab9-3,0
2129,FT-EV,0
2130,三菱GR-HEV,0
2131,沃克斯豪尔Cascada,0
2132,B99,0
2133,海星A9,0
2134,BUDD-e,0
2135,观致3新能源,0
2136,NobleM600,0
2137,307EV,0
2138,VisionTokyo,0
2139,凌傲,0
2140,沃尔沃XC60新能源(进口),0
2141,DNProCargo,0
2142,翱龙CUV,0
2143,L500RHYBRID,0
2144,CELESTA,0
2145,蓝舰T340,0
2146,FlextremeGT-E,0
2147,Invitation,0
2148,C90L,0
2149,奔奔i,0
2150,普拉多(进口),0
2151,雅绅特(海外),0
2152,981Bergspyder,0
2153,嘉悦A5新能源,0
2154,九龙A4,0
2155,正道H600,0
2156,骐铃T5,0
2157,ZenosE10,0
2158,Sagaris,0
2159,RIVIANR1S,0
2160,爱唯欧(海外),0
2161,Initiale,0
2162,Saab9000,0
2163,瑞纳(海外),0
2164,Saab96,0
2165,星途VX,0
2166,X-BOW,0
2167,E-Linker,0
2168,EVision,0
2169,超级维特拉,0
2170,江铃E100B,0
2171,AC Sohnitzer X6,0
2172,Authentics,0
2173,风行S500,0
2174,东方之子6,0
2175,雪铁龙C4L(海外),0
2176,Broollands,0
2177,K150,0
2178,开利,0
2179,领翔,0
2180,中华豚,0
2181,iVisionFurtue,0
2182,传祺E-jet,0
2183,世爵D12,0
2184,M级AMG,0
2185,摩根EV3,0
2186,佳宝V52,0
2187,奥拓(海外),0
2188,菲亚特FCC4,0
2189,楼兰(海外),0
2190,3Wheeler,0
2191,首望,0
2192,路宝,0
2193,KX3傲跑,0
2194,起亚Kee,0
2195,HSV-010GT,0
2196,传祺GS5 Super,0
2197,雪佛兰FNR-CarryAll,0
2198,SPORTAGE,0
2199,FFZERO1,0
2200,PhoeniX,0
2201,无限V5,0
2202,沃尔沃S60(进口),0
2203,BollingerB2,0
2204,宋系能源,0
2205,LYNK概念车,0
2206,众泰T600Coupe,0
2207,艾瑞泽5特卖,0
2208,探索者6,0
2209,Venga,0
2210,锐骐多功能车,0
2211,迈锐宝(海外),0
2212,现代i40,0
2213,沃尔沃XC60(进口),0
2214,RS-3,0
2215,AMI ONE,0
2216,BEIJING-EU7,0
2217,逸致,0
2218,CT6(海外),0
2219,Ypsilon,0
2220,艾瑞泽GX特卖,0
2221,星旺L,0
2222,现代RN30,0
2223,赛豹V,0
2224,自由光(进口),0
2225,优6SUV大7MPV,0
2226,名驭,0
2227,锐3,0
2228,H6-EV,0
2229,三菱MI-TECH,0
2230,飞行家新能源,0
2231,爱丽舍(海外),0
2232,Intrado,0
2233,VisionXS-1,0
2234,Soul新能源,0
2235,凯尊,0
2236,和悦A60,0
2237,奥丁,0
2238,迈凯伦塞纳,0
2239,斯巴鲁SVX,0
2240,现代H350,0
2241,C4 PICASSO,0
2242,猎豹CS7,0
2243,沃尔沃S60新能源(进口),0
2244,GLCAMG,0
2245,威志V5,0
2246,Naimo,0
2247,Microlino,0
2248,长安之星2,0
2249,沃尔沃XC40新能源(进口),0
2250,Sprinter新能源,0
2251,LF-1 Limitless,0
2252,骏逸,0
2253,EQSilverArrow,0
2254,Saab9-X,0
2255,WaiWai,0
2256,ALFA TZ3,0
2257,Cabrio-Coupe,0
2258,金杯T52,0
2259,海星A7,0
2260,科鲁兹(海外),0
2261,瑞麒G6,0
2262,VISIOND,0
2263,中华骏捷FRV,0
2264,U70,0
2265,SIENTA,0
2266,i-lounge朗智,0
2267,DX概念车,0
2268,Fun-Vii,0
2269,ARCFOX ECF Concept,0
2270,XRAY,0
2271,Dokker,0
2272,Flavia,0
2273,双龙XIV-Air,0
2274,SilverShadow,0
2275,HEMERA,0
2276,MirageG4,0
2277,RDX(进口),0
2278,极睿新能源,0
2279,Nivus,0
2280,LF-SA,0
2281,挑战者SUV,0
2282,圣达菲(进口),0
2283,索纳塔(进口),0
2284,e2008,0
2285,锐际,0
2286,GRANDLANCER,0
2287,力帆T11,0
2288,Pivo3,0
2289,银隆艾菲,0
2290,Chaparral2XVision,0
2291,英菲尼迪GranTurismo,0
2292,捷尼赛思G70,0
2293,P80/C,0
2294,沃尔沃XC70,0
2295,现代ix35(海外),0
2296,猎豹C5EV,0
2297,S-MAX,0
2298,CTS(进口),0
2299,瑞虎概念轿跑SUV,0
2300,C3REV,0
2301,CompactSedan,0
2302,Yeti(进口),0
2303,无限V3,0
2304,日产IDS,0
2305,沃尔沃S40(进口),0
2306,森雅M80,0
2307,伽途ix5,0
2308,蓝瑟,0
2309,Europa,0
2310,伽途im8,0
2311,拓陆者胜途,0
2312,江淮K3,0
2313,新豹T3,0
2314,smartfortwo新能源,0
2315,BX3,0
2316,欧蓝德(进口),0
2317,迈凯伦X-1,0
2318,凌铃,0
2319,星越新能源,0
2320,启辰T60新能源,0
2321,吉利GV5,0
2322,Cygnet,0
2323,威志V2,0
2324,财运500,0
2325,启辰R30,0
2326,金杯大海狮,0
2327,骊威,0
2328,御翔,0
2329,BJ100,0
2330,GAZ-12,0
2331,C-Crosser,0
2332,EX300L,0
2333,HYCAN合创概念车,0
2334,捷尼赛思Essentia,0
2335,Etherea,0
2336,桑塔纳经典,0
2337,拓陆者驭途,0
2338,景逸X7,0
2339,捷尼赛思GV80,0
2340,锐界(进口),0
2341,哪吒汽车Eureka01,0
2342,Modular Vehicle,0
2343,英菲尼迪QX70,0
2344,VisionMercedes,0
2345,雪佛兰SS,0
2346,SilverArrow,0
2347,S5-EV,0
2348,力帆530,0
2349,风迪思,0
2350,日产350Z,0
2351,观致Model Young,0
2352,长安之星s460,0
2353,路尊大霸王,0
2354,撼路者(海外),0
2355,探岳新能源,0
2356,XTS(海外),0
2357,AC Sohnitzer M4,0
2358,4008新能源,0
2359,TourneoCourier,0
2360,福瑞达K22,0
2361,C级AMG,0
2362,科尼赛克CCXR,0
2363,斯柯达1000MB,0
2364,悦纳RV,0
2365,YUKON,0
2366,索纳塔新能源(进口),0
2367,优派,0
2368,名爵ICON,0
2369,FT-Bh,0
2370,奇瑞@ANT,0
2371,沃尔沃V70,0
2372,吉利KC,0
2373,E-more概念车,0
2374,路盛E90,0
2375,Routan,0
2376,双龙C200,0
2377,正道H500,0
2378,翼龙,0
2379,华泰EV160B,0
2380,Qubo,0
2381,日产IDX,0
2382,柯迪亚克(海外),0
2383,骑士S12,0
2384,AV4新能源(进口),0
2385,BlueSport,0
2386,名爵3SW,0
2387,S2000,0
2388,SLS(海外),0
2389,众泰T800,0
2390,吉利EX8,0
2391,奇瑞β5,0
2392,CS55PLUS,0
2393,奇瑞E2,0
2394,PRECISION,0
2395,兰博基尼LM002,0
2396,众泰M300,0
2397,e-Racer,0
2398,SLS赛威,0
2399,吉利GC3,0
2400,ALPINA B7,0
2401,赛麟领道,0
2402,redi-GO,0
2403,荣威360,0
2404,TT offroad,0
2405,ALFA 166,0
2406,Isabella,0
2407,AirMotion,0
2408,金杯T30,0
2409,骏派A70,0
2410,NobleM15,0
2411,XT6(海外),0
2412,Coastline,0
2413,Saab93,0
2414,BlueZero,0
2415,威马AG2020,0
2416,天津大发TJ110,0
2417,昌铃,0
2418,吉利GX2,0
2419,天语尚悦,0
2420,伊思坦纳,0
2421,荣威350,0
2422,依维柯得意,0
2423,Budii,0
2424,瑞麒M1,0
2425,ConnecteDrive,0
2426,长安星光4500,0
2427,Aion LX(埃安LX),0
2428,捷尼赛思G90,0
2429,战盾,0
2430,吉利GC5,0
2431,兰博基尼5-95,0
2432,长安之星9,0
2433,OFFspaceD70,0
2434,卡缤(进口),0
2435,西部牛仔,0
2436,Model3(进口),0
2437,Toro,0
2438,Etos,0
2439,瑞虎3xe特卖,0
2440,Takeri,0
2441,GLEAMG,0
2442,昕锐(海外),0
2443,英致G5,0
2444,金杯S50,0
2445,吉利SC7-RV,0
2446,Nanuk,0
2447,铃木iM-4,0
2448,Elmiraj,0
2449,创酷(海外),0
2450,雪铁龙C6(进口),0
2451,VisionVan,0
2452,景逸X3,0
2453,领志i1,0
2454,DNU-Space,0
2455,捷尼赛思G80,0
2456,PremiAqua,0
2457,VV7GT新能源,0
2458,俊风EJ30,0
2459,御捷330,0
2460,Avensis,0
2461,众泰TS5,0
2462,卡尔森GL级,0
2463,沃克斯豪尔Zafira,0
2464,Tarok,0
2465,塔利斯曼,0
2466,中华E5,0
2467,SLR级,0
2468,A:Wind,0
2469,CL6,0
2470,三菱eX,0
2471,野马M72,0
2472,Inferno,0
2473,福莱尔,0
2474,U5EV,0
2475,马自达CX-8(海外),0
2476,易至EX5,0
2477,奇瑞A5,0
2478,小海狮EV,0
2479,起亚K5(进口),0
2480,G3R,0
2481,吉利GT,0
2482,GP150,0
2483,世爵C12,0
2484,HX1,0
2485,Pajun,0
2486,景逸XV,0
2487,帅威,0
2488,全球鹰K11,0
2489,双龙XAV,0
2490,启辰R50X,0
2491,骏派CX65,0
2492,双龙SIV-1,0
2493,金典,0
2494,沃尔沃XC90新能源,0
2495,迈凯伦650S,0
2496,雪铁龙C3AIRCROSS(海外),0
2497,伽途im6,0
2498,Sebring,0
2499,陆风X6,0
2500,SLK级AMG,0
2501,瑞麒M3,0
2502,福睿斯(海外),0
2503,GL级AMG,0
2504,传祺GS6,0
2505,拉共达Taraf,0
2506,莲花L3,0
2507,雪铁龙C5(进口),0
2508,英格尼斯,0
2509,三菱戈蓝,0
2510,爱康尼克7系,0
2511,DeVille,0
2512,广汽新能源2U,0
2513,Enzo,0
2514,Spirra思派朗,0
2515,雪铁龙C2(海外),0
2516,X40新能源,0
2517,锐欧,0
2518,马自达3(进口),0
2519,朗行,0
2520,KUV100,0
2521,Mito,0
2522,fortwo新能源,0
2523,锋驭(海外),0
2524,SilverSpirit,0
2525,Avventura,0
2526,亨域,0
2527,绅宝X65,0
2528,英致P80,0
2529,现代45,0
2530,LorinserMS500L,0
2531,卡尔森S级,0
2532,翼搏(海外),0
2533,世锐PHEV,0
2534,自由侠(海外),0
2535,forvision,0
2536,Isetta,0
2537,佳宝V70,0
2538,芬尼尔SuperSport,0
2539,DusterDetour,0
2540,Niva,0
2541,Virage,0
2542,马自达2(海外),0
2543,Evantra,0
2544,雪佛兰TrailBlazer,0
2545,BEIJING-U7,0
2546,SpaceUp,0
2547,HORKI-1,0
2548,Concept U,0
2549,睿行EM80,0
2550,forfour新能源,0
2551,ATENZA,0
2552,路帝,0
2553,Aesthetics,0
2554,WEY XEV,0
2555,麦瑞纳,0
2556,Rifter,0
2557,GLA级,0
2558,Spano,0
2559,CONCEPTD,0
2560,一汽NS2,0
2561,夏利N7,0
2562,4Runner,0
2563,Trezia,0
2564,QUANT48Volt,0
2565,海马7X,0
2566,日产ZN厢式车,0
2567,旗胜F1,0
2568,林肯MKT,0
2569,SLS级AMG,0
2570,沃克斯豪尔VXR8,0
2571,领途S3,0
2572,莲花T5,0
2573,传祺GA5新能源,0
2574,小贵族,0
2575,瑞奕,0
2576,圣达菲5新能源,0
2577,愿景III,0
2578,旗云5,0
2579,野马T80,0
2580,Blue2,0
2581,长安星光,0
2582,克莱斯勒200,0
2583,众泰V10,0
2584,DaciaSandero,0
2585,酷博,0
2586,雪佛兰Tru,0
2587,JeepJ12,0
2588,名爵ZS名爵HS,0
2589,EUNIQ 5,0
2590,Saab9-7,0
2591,大捷龙(进口),0
2592,科帕奇(进口),0
2593,V6菱致,0
2594,CLS级AMG,0
2595,名爵E-motion,0
2596,SP3JC,0
2597,五十铃mu-X(海外),0
2598,VITARA(海外),0
2599,途腾T2,0
2600,Avista,0
2601,Maloo,0
2602,解放T80,0
2603,GLC新能源,0
2604,蓝鸟特卖,0
2605,T205-D,0
2606,CommendatoreGT,0
2607,REVOLTe,0
2608,DMC-12,0
2609,翼神,0
2610,VOSS,0
2611,VISIONS,0
2612,MadMax,0
2613,飞腾C5,0
2614,Huayra,0
2615,Concept H,0
2616,Kangoobebop,0
2617,弗雷特伍德,0
2618,沃尔沃Coupe,0
2619,迈凯伦500S,0
2620,FX11,0
2621,Sedici,0
2622,科尼赛克CCR,0
2623,爱腾,0
2624,e-Care,0
2625,Explosion,0
2626,力帆X40,0
2627,坤程,0
2628,Futuron,0
2629,赛骏,0
2630,RP1,0
2631,Ener-G-Force,0
2632,吉利GX5,0
2633,X7皮卡,0
2634,理念纯电动CONCEPT,0
2635,JCW CLUBMAN,0
2636,九龙A5,0
2637,HondaDesignC001,0
2638,雪铁龙C4 Aircross(进口),0
2639,海狮X30L,0
2640,AeroSeven,0
2641,VV7新能源,0
2642,指挥官经典,0
2643,Emerg-E,0
2644,奇骏(进口),0
2645,江铃E200N,0
2646,Orlando,0
2647,思迈尔,0
2648,华泰XEV260,0
2649,Prototype9,0
2650,CL级AMG,0
2651,UrbanCrossover,0
2652,长安星卡C系,0
2653,大7SUV,0
2654,众泰Z200,0
2655,竞悦,0
2656,思锐,0
2657,F-450,0
2658,PT 漫步者,0
2659,陆风X8,0
2660,DAYZ,0
2661,圣达菲2,0
2662,森雅R7新能源,0
2663,Xmotion,0
2664,Heritage EV,0
2665,佳宝V75,0
2666,星旺M1,0
2667,Tramonto,0
2668,Fiorino,0
2669,雪铁龙C2,0
2670,依维柯褒迪,0
2671,成功S10,0
2672,欧菲莱斯,0
2673,探界者(海外),0
2674,起亚K3新能源,0
2675,赛影,0
2676,欧联M1,0
2677,金杯T32,0
2678,TERRAIN,0
2679,马自达RX-7,0
2680,HEXA,0
2681,WISH,0
2682,concept900,0
2683,鑫源T50EV,0
2684,TjCruiser,0
2685,EnLight,0
2686,Agile Automotive SCX,0
2687,英致737,0
2688,炮新能源,0
2689,QUANTF,0
2690,宝威,0
2691,五菱之光V,0
2692,世爵C8,0
2693,RENOVOCOUPE,0
2694,G-Code,0
2695,NewCompact,0
2696,C-X16,0
2697,LUXA2.0,0
2698,GranAce,0
2699,星旺M2,0
2700,英伦TX4,0
2701,i-Road,0
2702,金杯T50,0
2703,揽胜运动版新能源,0
2704,TownandCountry,0
2705,T-ONE,0
2706,速尊,0
2707,锐程CC,0
2708,和悦A13,0
2709,沃尔沃You,0
2710,Grandland X,0
2711,风光360,0
2712,沃尔沃S60新能源,0
2713,众泰5008,0
2714,DurangoSRT,0
2715,ABT TT,0
2716,GT4Stinger,0
2717,forstars,0
2718,雅绅特,0
2719,Favorit,0
2720,裕隆汽车U5,0
2721,吉利SX7,0
2722,Twin-Z,0
2723,VERANO,0
2724,蓝旗亚Delta,0
2725,雷斯特W,0
2726,VISION2025,0
2727,腾势x,0
2728,双龙e-XIV,0
2729,特顺新能源,0
2730,Nuvis,0
2731,奇瑞E5,0
2732,风行CM7,0
2733,起亚K3(海外),0
2734,ALFA 8C,0
2735,英菲尼迪JX,0
2736,NS4,0
2737,北京汽车E系列,0
2738,启辰T70X,0
2739,Estoque,0
2740,Missile,0
2741,威兹曼GT,0
2742,逍客(海外),0
2743,Hazumi,0
2744,胜达(进口),0
2745,Saveiro,0
2746,领雅,0
2747,VenomGT,0
2748,华普海景,0
2749,瑞虎8特卖,0
2750,蓝鸟经典,0
2751,Territory(海外),0
2752,凯胜,0
2753,Mostro,0
2754,ROCKETMAN,0
2755,EX400L,0
2756,GrandC-MAX,0
2757,B-MAX,0
2758,九龙EM3,0
2759,C3毕加索,0
2760,QX Sport Inspiration,0
2761,发现Vision,0
2762,威飒,0
2763,赛麟科迈罗,0
2764,DaciaLodgy,0
2765,夏利N5,0
2766,Saab9-2X,0
2767,沃尔沃S40,0
2768,绅宝D60,0
2769,Silvia,0
2770,Sway,0
2771,风景V3,0
2772,阿斯顿马丁D89,0
2773,Roadmaster,0
2774,XL1,0
2775,Egoista,0
2776,起亚XCeed新能源,0
2777,神行者2,0
2778,CROSSSPORT,0
2779,MonzaSP1,0
2780,SM6,0
2781,AC-X,0
2782,Cronos,0
2783,翼虎新能源(进口),0
2784,速派新能源(进口),0
2785,凯锐浩克,0
2786,Cybertruck,0
2787,Shinari,0
2788,MIGHTYDECK,0
2789,西雅特IBX,0
2790,翼虎(进口),0
2791,LUXSA2.0,0
2792,YARiS(海外),0
2793,派朗,0
2794,奔奔LOVE,0
2795,FOXMIA,0
2796,欧朗,0
2797,吉利GC6,0
2798,朗世,0
2799,HUSTLER,0
2800,英菲尼迪Q80,0
2801,嘉誉,0
2802,JPNTaxi,0
2803,Design-X1,0
2804,锋范；CONCEPTB,0
2805,伽途ix7,0
2806,LaJOYA,0
2807,桑塔纳志俊,0
2808,Zonda,0
2809,AlpineVision,0
2810,绅宝X55,0
2811,Latigo,0
2812,iMax,0
2813,ALFA 2uettottanta,0
2814,中华H320,0
2815,中兴CP2,0
2816,斯帕可,0
2817,鑫源T20EV,0
2818,Commodore,0
2819,Tramontana,0
2820,VIZIVAdrenaline,0
2821,塔塔Harrier,0
2822,RS8,0
2823,欧宝Monza,0
2824, COUPE,0
2825,马自达CX-5(进口),0
2826,卡罗拉(进口),0
2827,星旺,0
2828,荣御,0
2829,瑞铃,0
2830,Mountiaq,0
2831,五菱之光小卡,0
2832,F-650,0
2833,X-Type,0
2834,AX7新能源,0
2835,风云2,0
2836,速派(进口),0
2837,风景G5,0
2838,SOLIO,0
2839,Zica,0
2840,俊风CV03,0
2841,Agile Automotive,0
2842,大柴神,0
2843,neora,0
2844,吉利EC6-RV,0
2845,Biome,0
2846,北斗星新能源,0
2847,正道K750,0
2848,捷尼赛思GV70,0
2849,野马F19,0
2850,颐达,0
2851,杰虎,0
2852,TiguanAllspace,0
2853,北斗星X5E,0
2854,LorinserS级,0
2855,ALFA S.Z.,0
2856,骐达TIIDA特卖,0
2857,雷龙,0
2858,ABT A5,0
2859,小金牛,0
2860,A级(进口),0
2861,Rapide E,0
2862,北斗星快闪,0
2863,轩朗新能源,0
2864,雪铁龙C5AIRCROSS新能源,0
2865,RockStar,0
2866,MASTER新能源,0
2867,双龙XIV-Adventure,0
2868,世爵B6,0
2869,奇瑞FV2030,0
2870,迈凯伦P15,0
2871,雷诺Duster,0
2872,世纪星,0
2873,众泰T200,0
2874,Corsair新能源(海外),0
2875,英菲尼迪QX55,0
2876,HND-12Enduro,0
2877,威麟V5,0
2878,圣达菲经典,0
2879,Converj,0
2880,锋范经典,0
2881,C-Type,0
2882,VelociRaptor,0
2883,摩根Aero8,0
2884,蓝鸟·印象,0
2885,瑞风SC-9,0
2886,GLE新能源,0
2887,BJ80新能源,0
2888,君爵,0
2889,Haflinger,0
2890,黄海N1,0
2891,西玛(海外),0
2892,3-Eleven,0
2893,MILAPlus,0
2894,睿行S50,0
2895,阿斯顿马丁DBX,0
2896,CELERIO,0
2897,瑞麒G3,0
2898,2系多功能旅行车,0
2899,SantaCruz,0
2900,欧宝GT X,0
2901,昕动(海外),0
2902,起亚K9,0
2903,北京JEEP,0
2904,Taigun,0
2905,CONCEPT-爱iRide,0
2906,野马C18,0
2907,猎兽,0
2908,DX3新能源,0
2909,eKSpace,0
2910,揽胜极光(进口),0
2911,Arrow,0
2912,炫丽,0
2913,S-CROSS,0
2914,FT-CH,0
2915,一汽NH2,0
2916,帕杰罗速跑,0
2917,丰顺,0
2918,CLK级,0
2919,Brio,0
2920,和悦A20,0
2921,ENO.146,0
2922,佳宝V77,0
2923,交叉火力,0
2924,C-Zero,0
2925,瑞风M2,0
2926,普瑞维亚,0
2927,日产NV300,0
2928,传祺GA3S视界,0
2929,Colt,0
2930,吉利SC5-RV,0
2931,ALPINA B4,0
2932,吉利SC3,0
2933,Intensa Emozione,0
2934,发现神行(进口),0
2935,e-Survivor,0
2936,RALLYFIGHTER,0
2937,小超人,0
2938,伊比飒,0
2939,力帆520,0
2940,斯巴鲁XV新能源,0
2941,SeriesI,0
2942,Authentics(海外),0
2943,锋哲,0
2944,沃尔沃S80L,0
2945,跨越王,0
2946,ZagatoCoupe,0
2947,指南者(进口),0
2948,永源A380,0
2949,林荫大道,0
2950,Minagi,0
2951,勇猛者,0
2952,江淮iEV7E,0
2953,FT-86,0
2954,现代HND-9,0
2955,摩根Roadster,0
2956,成功X1,0
2957,ID.初见,0
2958,V12VisionGranTurismo,0
2959,BEIJING-X3,0
2960,博悦,0
2961,沃尔沃XC40(进口),0
2962,雪佛兰EN-V,0
2963,骏派A70E,0
2964,ProCeed,0
2965,威驰(海外),0
2966,星哥,0
2967,羚羊,0
2968,西雅特IBL,0
2969,福瑞达K21,0
2970,御骏,0
2971,Essence,0
2972,CrownVictoria,0
2973,英伦C5,0
2974,起亚Ceed新能源,0
2975,LagondaVisionConcept,0
2976,铃木G70,0
2977,Ryuga,0
2978,AlpineCelebration,0
2979,D-MAX(海外),0
2980,途腾T1,0
2981,马自达CX-7(进口),0
2982,欧蓝德经典,0
2983,e-tron Concept,0
2984,君马MEET3(美图3),0
2985,ConceptASedan,0
2986,AX5新能源,0
2987,凯泽西,0
2988,SprinterTrueno,0
2989,Adra,0
2990,至仁,0
2991,FUTURE-TYPE,0
2992,V8 Vantage,0
2993,CrossCoupe,0
2994,Esflow,0
2995,Mustang新能源,0
2996,三菱AR,0
2997,Tuscan,0
2998,阿斯顿马丁DB6,0
2999,中华骏捷Cross,0
3000,Exelero,0
3001,名爵7,0
3002,威麟X5,0
3003,日产NV3500,0
3004,众泰Z560,0
3005,MASTERCEO,0
3006,力帆720,0
3007,Triber,0
3008,路虎DC100,0
3009,悦悦,0
3010,东方之子Cross,0
3011,Quartx,0
3012,GR500,0
3013,ID.VIZZZION,0
3014,道达V8,0
3015,WR-V,0
3016,江淮iEV7C,0
3017,起亚K4,0
3018,吉利SC5,0
3019,全球鹰K10,0
3020,索纳塔八,0
3021,赛豹III,0
3022,海马骑士,0
3023,BladeGlider,0
3024,吉利EC8,0
3025,猎豹Q6,0
3026,财运300,0
3027,猎豹CS6,0
3028,摩根Plus8,0
3029,Hi-Cross,0
3030,派力奥,0
3031,Splash(海外),0
3032,DSWildRubis,0
3033,F430,0
3034,瑞麒G2,0
3035,摩根Aero,0
3036,圣达菲7新能源,0
3037,骁途,0
3038,VIZIVPerformance,0
3039,EnSpirit,0
3040,迈巴赫C级,0
3041,现代RM16,0
3042,华泰EV160R,0
3043,海景,0
3044,欧宝Corsa新能源,0
3045,依维柯Ouba,0
3046,斯柯达VOS,0
3047,瑞麒M5,0
3048,AC Sohnitzer X5,0
3049,CoupeCorbusier,0
3050,雪铁龙BX,0
3051,Zenvo,0
3052,LF-NX,0
3053,战剑,0
3054,三菱CA-MiEV,0
3055,赛麟Mustang,0
3056,Xcent,0
3057,Lacoste,0
3058,S5TURBO,0
3059,本田c,0
3060,欧蓝德PHEV(进口),0
3061,offSpaceSUTT,0
3062,TurboFlorio,0
3063,科尼赛克CCX,0
3064,V12 Vantage,0
3065,Metropolis,0
3066,成功V2,0
3067,金杯快运,0
3068,金杯S70,0
3069,XCCoupe,0
3070,萨瓦纳,0
3071,力帆T21,0
3072,杰勋,0
3073,V07S,0
3074,ALFA 159,0
3075,ALFA 4C,0
3076,神骐T20,0
3077,荣威Vision-iM,0
3078,财运100,0
3079,蒙派克S,0
3080,英菲尼迪QX60,0
3081,GrandlandX新能源,0
3082,ES210,0
3083,Air Triser,0
3084,Evos,0
3085,VISIONNext100,0
3086,K07II,0
3087,WakuWaku,0
3088,Carlinosub-4m,0
3089,Kopen,0
3090,forspeed,0
3091,自由客,0
3092,威兹曼Roadster,0
3093,VF00概念车,0
3094,奕阁,0
3095,骏意,0
3096,LF-Gh,0
3097,SportSedan,0
3098,小柴神,0
3099,D-base,0
3100,RLX,0
3101,猎豹6481,0
3102,Viloran,0
3103,英致G3,0
3104,帅豹,0
3105,RS-7,0
3106,瑞虎5x特卖,0
3107,吉利EC9,0
3108,XT5(海外),0
3109,一汽X121,0
3110,沃克斯豪尔Insignia,0
3111,英菲尼迪G系,0
3112,萨普,0
3113,GLA级AMG,0
3114,东风HUV,0
3115,奇瑞A1,0
3116,RAV4(进口),0
3117,吉利SC6-RV,0
3118,日产NV200(海外),0
3119,STEPWGN,0
3120,帅驰,0
3121,ALPINA B3,0
3122,旗胜V3,0
3123,名爵iGS,0
3124,江淮SC-5,0
3125,GLSAMG,0
3126,新明仕,0
3127,利亚纳,0
3128,Exeo,0
3129,XT4(海外),0
3130,双龙XIV-1,0
3131,风光E1,0
3132,野马F18,0
3133,TourneoCustom新能源,0
3134,Eterne,0
3135,途锐新能源,0
3136,C20R,0
3137,Up!Lite,0
3138,越铃,0
3139,Twin-Run,0
3140,阿斯顿马丁One-77,0
3141,玛莎拉蒂Spyder,0
3142,森雅S80,0
3143,LF-Xh,0
3144,R-Space,0
3145,Vers聆风,0
3146,LF-C2,0
3147,哈飞小霸王,0
3148,雪铁龙GT,0
3149,锐骐6新能源,0
3150,XLR,0
3151,Anthem,0
3152,FR-S,0
3153,汉兰达(进口),0
3154,Akula,0
3155,赛马,0
3156,欧酷曼,0
3157,双龙XAVL,0
3158,for-us,0
3159,CANYON,0
3160,起亚K7,0
3161,H4E,0
3162,劲客(海外),0
3163,concept500,0
3164,奇瑞X1,0
3165,U6TURBO,0
3166,XCClassic,0
3167,众泰Z100,0
3168,X70M,0
3169,CINTURX,0
3170,东风概念车,0
3171,concept β,0
3172,江淮4R3皮卡瑞驰II,0
3173,金刚财富,0
3174,Crossover7,0
3175,HDC-2Grandmaster,0
3176,北京BW007,0
3177,三菱XR-PHEV,0
3178,开拓者(海外),0
3179,ICOICO,0
3180,SLA级,0
3181,睿行S50T,0
3182,Roma,0
3183,双龙XIV-2,0
3184,Esprit,0
3185,福美来E7,0
3186,派喜,0
3187,大力神K5,0
3188,柯斯达(海外),0
3189,KIKAI,0
3190,Magentis,0
3191,forjeremy,0
3192,途腾T3,0
3193,雷诺Logan,0
3194,thunder power,0
3195,IvecoVISION,0
3196,英致EX1,0
3197,MonzaSP2,0
3198,D-Type,0
3199,一汽TFC,0
3200,欧宝Crossland X,0
3201,Curb,0
3202,H5新能源,0
3203,观致9,0
3204,拉古那,0
3205,K150GT,0
3206,GlobalSmall,0
3207,天语SX4,0
3208,辉昂新能源,0
3209,哪吒汽车E-TAKE,0
3210,摩根Plus6,0
3211,英菲尼迪FX,0
3212,VisionT,0
3213,XCODE,0
3214,吉利EX9,0
3215,皇冠(进口),0
3216,迈凯伦12C,0
3217,TSX,0
3218,兰德酷路泽(进口),0
3219,SUVCoupe,0
3220,CSLHommage,0
3221,日产D22,0
3222,Brougham,0
3223,铃木iV-4,0
3224,科雷傲(进口),0
3225,江淮K5,0
3226,KarmaSC2,0
3227,优胜2代优雅,0
3228,御捷E驰,0
3229,三菱PX-MiEV,0
3230,九龙EM5,0
3231,马自达LM55,0
3232,E级(进口),0
3233,至臻豪华概念车,0
3234,福仕达荣达,0
3235,艾瑞泽5e特卖,0
3236,野马M302,0
3237,Exiga,0
3238,启辰ViWa,0
3239,雄师F16,0
3240,MustangMach-E,0
3241,现代AG,0
3242,探险者新能源,0
3243,RAIZE,0
3244,迷迪,0
3245,Prototype10,0
3246,Xenon,0
3247,DNCompagno,0
3248,风景V5新能源,0
3249,新豹MINI,0
3250,Saab9-5,0
3251,Enduro,0
3252,江南T11,0
3253,日产NV200新能源(海外),0
3254,西雅特20V20,0
3255,挑战者SRT,0
3256,博瑞新能源,0
3257,GRHVSports,0
3258,骐菱,0
3259,沃尔沃V50,0
3260,马自达2劲翔,0
3261,现代RB,0
3262,野马T系,0
3263,ArashAF10,0
3264,西耶那,0
3265,2002Hommage,0
3266,亚洲龙(海外),0
3267,V12 Zagato,0
3268,传祺GA7,0
3269,风光580新能源,0
3270,Aspark Owl,0
3271,格蓝迪,0
3272,Passat领取,0
3273,吉利VX11,0
3274,风骏3,0
3275,观致5新能源,0
3276,Aspen,0
3277,睿行M70,0
3278,威赛帝,0
3279,现代HB20,0
3280,LF-30,0
3281,菲亚特126P,0
3282,欧悦搏,0
3283,陆风X2,0
3284,VIVA,0
3285,Miray,0
3286,AF8Cassini,0
3287,金旅大海狮,0
3288,欢动,0
3289,依维柯欧胜新能源,0
3290,瑞风A33,0
3291,FJ酷路泽,0
3292,Ulster,0
3293,众泰Z200HB,0
3294,Tornante,0
3295,野马M31D,0
3296,Force1,0
3297,Dendrobium,0
3298,Millenia,0
3299,5008经典,0
3300,英菲尼迪M系,0
3301,沃克斯豪尔LM14/40,0
3302,雪铁龙GQ,0
3303,豪情SUV,0
3304,金杯海狮,0
3305,M50F,0
3306,SLC级AMG,0
3307,永源五星,0
3308,周末风,0
3309,威麟H5,0
3310,Ariya,0
3311,起亚VQ,0
3312,尊行,0
3313,ATS GT,0
3314,无限V7,0
3315,威途X35,0
3316,VISIONNEXT100,0
3317,得利卡,0
3318,酷熊,0
3319,LF-Ch,0
3320,长安V5,0
3321,T-Prime,0
3322,大捷龙PHEV(进口),0
3323,Asterion,0
3324,猎豹CS9新能源,0
3325,ASX劲炫(进口),0
3326,Auris,0
3327,Concept A,0
3328,fourjoy,0
3329,野马F12,0
3330,荣威i6新能源,0
3331,双龙LIV-1,0
3332,UrbanLuxury,0
3333,乌尼莫克U5000SUV,0
3334,华泰iEV230,0
3335,金牛星,0
3336,柯珞克(海外),0
3337,ConceptR,0
3338,F3新能源,0
3339,三菱3000GT,0
3340,比达文E3,0
3341,FT-4X,0
3342,大切诺基SRT,0
3343,海马V70,0
3344,Centodieci,0
3345,雪佛兰FNR-X,0
3346,拓陆者新能源,0
3347,ROADSTER,0
3348,沃尔沃S90(进口),0
3349,ME.WERHOMBUS,0
3350,佳宝V55,0
3351,UX新能源,0
3352,五菱730,0
3353,蒙迪欧新能源,0
3354,长安V3,0
3355,Seville,0
3356,佳宝T50,0
3357,名爵HS新能源,0
3358,LandGlider,0
3359,马自达CX-7,0
3360,锐志(海外),0
3361,SPORTSKIDE,0
3362,凯美瑞(海外),0
3363,LeSEE,0
3364,威兹曼Spyder,0
3365,奔奔MINI,0
3366,Survolt,0
3367,S5青春版,0
3368,鑫源X30L,0
3369,斯柯达440,0
3370,正道K550,0
3371,GL级,0
3372,CEC级,0
3373,菱帅,0
3374,e-4me,0
3375,众泰B40,0
3376,海迅,0
3377,RX经典,0
3378,BSSCityCarCube,0
3379,EM30,0
3380,华凯皮卡,0
3381,N-WGN,0
3382,克莱斯勒200C,0
3383,欧宝RAK,0
3384,BollingerB1,0
3385,Roomster,0
3386,正道K350,0
3387,C-HR(海外),0
3388,H5V,0
3389,吉利SX6,0
3390,QM6,0
3391,RF-EA2,0
3392,吉利EX7,0
3393,广汽新能源2US,0
3394,风景G9,0
3395,起亚K900,0
3396,E-PACE(海外),0
3397,奇瑞C3e,0
3398,PininfarinaGT,0
3399,Aslan,0
3400,之诺1E,0
3401,星旺CL,0
3402,ID.SpaceVizzion,0
3403,Disco Volante,0
3404,绅宝offSpace,0
3405,英菲尼迪LE,0
3406,NobleM14,0
3407,智尚S35,0
3408,雪佛兰FNR,0
3409,KnightXV,0
3410,中意V5,0
3411,Apollo M,0
3412,KOERU越,0
3413,Y悦翔V5,0
3414,荣威RX5MAX新能源,0
3415,微蓝,0
3416,启辰VOW,0
3417,吉姆尼(进口),0
3418,CONCEPTM,0
3419,三菱GC-PHEV,0
3420,300CSRT,0
3421,西雅特Mii新能源,0
3422,GLC(进口),0
3423,BEACHCOMBER,0
3424,GT96TREV,0
3425,阿斯顿马丁DBS,0
3426,普锐斯(海外),0
3427,Ameo,0
3428,吉利EV8,0
3429,Friend-ME,0
3430,三菱XM,0
3431,VISIONMNEXT,0
3432,广汽新能源2ALL,0
3433,SedricConcept,0
3434,高尔夫嘉旅,0
3435,K05S,0
3436,Tarraco新能源,0
3437,猎豹CT5,0
3438,悦佳,0
3439,NeuV,0
3440,晶锐(海外),0
3441,雷诺e诺(海外),0
3442,伽途GT,0
3443,威麟H3,0
3444,探索者Ⅲ,0
3445,蒙迪欧(海外),0
3446,中兴C3,0
3447,CircuitEV,0
3448,CR-Z,0
3449,Verso-S,0
3450,H7V,0
3451,SL级AMG,0
3452,Crosshiker,0
3453,绅宝CC,0
3454,启辰R50,0
3455,TypeS,0
3456,TP-01,0
3457,莲花L5,0
3458,成功V1,0
3459,SUPERHEIGHTK-WAGON,0
3460,威麟V8,0
3461,好运1号,0
3462,H2Speed,0
3463,克莱斯勒700C,0
3464,和悦A13RS,0
3465,TourneoCustom,0
3466,胜达经典,0
3467,X7新能源,0
3468,芝麻特卖,0
3469,马自达8(进口),0
3470,骐铃T3,0
3471,起亚POP,0
3472,S-FR,0
3473,江铃E200L,0
3474,E-MEHARI,0
3475,大蛇,0
3476,名爵X-motion,0
3477,揽福,0
3478,拓陆者战途,0
3479,御轩,0
3480,CT6PLUG-IN,0
3481,CitigoᵉiV,0
3482,XchangE,0
3483,吉利GX6,0
3484,浪迪,0
3485,利亚纳A6,0
3486,CLUBVAN,0
3487,HR-02,0
3488,Vanquish,0
3489,金迪尔,0
3490,SFSF7,0
3491,马自达6(进口),0
3492,ConceptTwo,0
3493,B-Concept,0
3494,Ciel,0
3495,科雷嘉(海外),0
3496,明锐(进口),0
3497,ALPINA XD3,0
3498,奇瑞TX,0
3499,DaciaLogan,0
3500,戈益,0
3501,杰路驰,0
3502,Terzo Millennio,0
3503,GPW,0
3504,现代i30(海外),0
3505,野马A-MPV,0
3506,傲骏,0
3507,奥轩GX5,0
3508,奇瑞E3,0
3509,360cConcept,0
3510,野马F10,0
3511,K07,0
3512,奇瑞QQ6,0
3513,迈凯伦Elva,0
3514,欧宝Adam,0
3515,CrossBlue,0
3516,阿斯顿马丁DB11,0
3517,好运2号,0
3518,H7新能源,0
3519,VisionFutureLuxury,0
3520,马自达BT-50,0
3521,莲花Europa,0
3522,mi-DO,0
3523,迈凯伦620R,0
3524,海星T22,0
3525,UrbanUtility,0
3526,GX6,0
3527,乐骋,0
3528,蝰蛇,0
3529,双环SCEO,0
3530,英菲尼迪QX50(进口),0
3531,forease+,0
3532,瑞麒A6CC,0
3533,Saab92,0
3534,TsumuTsumu,0
3535,瑞风S2mini,0
3536,启辰TheX,0
3537,AdvancedTourer,0
3538,LF-CC,0
3539,H6V,0
3540,大迈X7特卖,0
3541,现代ix20,0
3542,霍顿Colorado,0
3543,i-CX,0
3544,SAVANA,0
3545,4-DOOR Coupe,0
3546,e-Co-Motion,0
3547,smartfowtwo,0
3548,海星T20,0
3549,美佳,0
3550,概念雕塑,0
3551,奇瑞eQ1特卖,0
3552,DusterOroch,0
3553,庆铃TAGA,0
3554,Fine-ComfortRide,0
3555,E级AMG,0
3556,旗云3,0
3557,2020VisionGranTurismo,0
3558,力帆X70,0
3559,和悦A30,0
3560,克莱斯勒300C(进口),0
3561,野马F16,0
3562,享御,0
3563,ARMADA,0
3564,Corsair(海外),0
3565,领途E骋,0
3566,阿斯顿马丁cc100,0
3567,E-Type,0
3568,尼欧2,0
3569,君阁,0
3570,马自达MX-30,0
3571,朋多,0
3572,Technospace,0
3573,408GT,0
3574,马自达3星骋,0
3575,铃木XL7,0
3576,LS概念车,0
3577,众泰SR9新能源,0
3578,大力神,0
3579,Aria FXE,0
3580,九龙A6,0
3581,帕杰罗(进口),0
3582,菲跃,0
3583,WakoSPO,0
3584,Mirage,0
3585,奕歌(海外),0
3586,LF-FC,0
3587,CEVENNES,0
3588,摩根Plus4,0
3589,Symbol,0
3590,smartforfour,0
3591,莲花L6,0
3592,H-1辉翼,0
3593,BeatActiv,0
3594,Numero9,0
3595,AC Sohnitzer 3系,0
3596,飞铃,0
3597,力帆630,0
3598,双龙XAV-Adventure,0
3599,阿斯顿马丁DB10,0
3600,Livina,0
3601,Rampage,0
3602,大切诺基(进口),0
3603,EV-Stex,0
3604,DNTrec,0
3605,JCW PACEMAN,0
3606,名爵TF,0
3607,Tristar,0
3608,旗云1,0
3609,启辰星,0
3610,帕杰罗·劲畅(进口),0
3611,塔塔H2X,0
3612,全界Q1,0
3613,AlpineVisionGranTurismo,0
3614,来宝SRV,0
3615,VisionEQfortwo,0
3616,Vertrek,0
3617,广汽ix4,0
3618,TOROIDION1MW,0
3619,途凌,0
3620,奇瑞α5,0
3621,TREZOR,0
3622,MissionL,0
3623,路盛E80,0
3624,Celica,0
3625,PN货车,0
3626,阿斯顿马丁DB5,0
3627,Toledo,0
3628,卡尔森C25,0
3629,欧宝Cascada,0
3630,玛莎拉蒂MC12,0
3631,英致737EV,0
3632,帅舰,0
3633,三菱G4,0
3634,C3R,0
3635,铃木XBEE,0
3636,RCZ,0
3637,嘉华(进口),0
3638,Tuatara,0
3639,林肯MKS,0
3640,Tubik,0
3641,绅宝D70,0
3642,摩根4-4,0
3643,迈凯伦P1,0
3644,H2V,0
